fn,bbox
000012.jpg,96 155 270 351
000017.jpg,77 89 336 403
000023.jpg,1 2 462 243
000026.jpg,124 89 212 337
000032.jpg,77 103 183 375
000033.jpg,106 8 263 499
000034.jpg,166 115 400 360
000035.jpg,97 217 318 465
000036.jpg,78 26 344 319
000042.jpg,31 262 295 500
000044.jpg,0 0 330 370
000047.jpg,0 14 312 459
000048.jpg,0 1 500 302
000061.jpg,10 273 279 437
000064.jpg,22 0 500 451
000066.jpg,181 241 259 274
000073.jpg,142 120 460 375
000077.jpg,0 1 333 306
000078.jpg,74 14 412 475
000083.jpg,32 108 309 447
000089.jpg,50 21 291 317
000091.jpg,240 124 284 195
000104.jpg,6 1 333 283
000112.jpg,173 69 328 277
000122.jpg,19 35 474 430
000129.jpg,0 73 462 272
000133.jpg,17 72 500 406
000134.jpg,114 0 330 487
000138.jpg,53 223 332 440
000140.jpg,112 1 401 500
000141.jpg,52 24 399 418
000147.jpg,104 32 146 65
000153.jpg,146 236 191 358
000154.jpg,75 58 266 367
000159.jpg,15 0 333 498
000161.jpg,33 103 390 446
000162.jpg,142 195 369 309
000163.jpg,107 25 396 456
000164.jpg,153 113 348 369
000171.jpg,20 93 491 375
000173.jpg,63 108 464 288
000174.jpg,4 142 333 426
000187.jpg,94 0 336 240
000189.jpg,38 64 346 459
000192.jpg,63 115 375 356
000193.jpg,3 79 375 500
000194.jpg,35 85 224 239
000198.jpg,133 159 239 286
000200.jpg,18 226 249 400
000207.jpg,204 0 320 113
000209.jpg,75 13 375 400
000219.jpg,332 119 464 310
000220.jpg,126 39 292 464
000222.jpg,235 113 375 227
000225.jpg,95 124 263 355
000228.jpg,81 91 228 314
000235.jpg,265 39 375 277
000242.jpg,2 2 287 499
000250.jpg,123 96 297 150
000256.jpg,95 7 232 491
000259.jpg,0 170 361 499
000262.jpg,95 342 196 500
000263.jpg,223 18 323 355
000276.jpg,162 128 319 230
000278.jpg,88 110 375 417
000282.jpg,31 2 374 199
000288.jpg,20 66 278 382
000294.jpg,10 329 368 454
000296.jpg,119 43 222 459
000306.jpg,41 302 87 380
000307.jpg,2 1 375 500
000311.jpg,41 46 354 433
000312.jpg,1 2 334 500
000317.jpg,150 117 221 407
000320.jpg,77 0 500 372
000325.jpg,62 99 200 500
000331.jpg,233 170 482 373
000334.jpg,109 36 178 273
000337.jpg,29 234 362 403
000344.jpg,1 88 441 307
000347.jpg,1 76 348 411
000349.jpg,130 158 362 413
000355.jpg,35 21 293 427
000359.jpg,83 38 426 420
000367.jpg,65 173 265 295
000370.jpg,103 93 256 253
000372.jpg,21 77 304 253
000379.jpg,15 45 341 443
000382.jpg,166 2 500 163
000387.jpg,17 4 255 482
000391.jpg,46 56 458 465
000394.jpg,22 0 307 344
000395.jpg,53 103 264 429
000400.jpg,48 10 489 332
000404.jpg,88 132 321 394
000406.jpg,284 53 313 114
000407.jpg,72 64 310 403
000411.jpg,194 19 297 55
000416.jpg,153 216 244 345
000430.jpg,0 5 326 500
000431.jpg,88 31 360 497
000438.jpg,55 239 332 432
000446.jpg,85 80 472 244
000450.jpg,35 37 426 325
000454.jpg,14 0 297 460
000463.jpg,76 195 165 301
000468.jpg,190 5 500 330
000469.jpg,27 15 315 454
000470.jpg,88 193 335 415
000474.jpg,156 52 359 448
000476.jpg,109 125 373 358
000477.jpg,124 426 333 500
000484.jpg,37 47 375 462
000489.jpg,185 223 230 297
000496.jpg,209 418 319 482
000503.jpg,141 372 374 500
000508.jpg,138 246 375 412
000516.jpg,8 0 375 500
000518.jpg,75 18 311 478
000519.jpg,123 12 249 157
000522.jpg,127 35 271 434
000524.jpg,125 180 287 362
000525.jpg,158 96 226 218
000526.jpg,72 258 320 440
000528.jpg,67 123 310 319
000535.jpg,54 205 239 316
000537.jpg,11 110 400 396
000541.jpg,193 258 219 335
000544.jpg,65 0 326 307
000549.jpg,48 0 499 341
000550.jpg,212 101 375 473
000552.jpg,121 3 258 498
000554.jpg,188 1 375 500
000555.jpg,178 159 374 422
000559.jpg,25 159 241 371
000565.jpg,91 55 374 422
000577.jpg,0 0 333 479
000583.jpg,86 12 248 490
000589.jpg,0 72 375 315
000590.jpg,108 198 336 500
000592.jpg,172 195 290 384
000597.jpg,176 385 314 465
000605.jpg,174 320 192 386
000609.jpg,133 15 275 460
000612.jpg,0 0 213 374
000620.jpg,181 113 309 303
000622.jpg,86 155 339 401
000625.jpg,93 282 183 418
000632.jpg,166 60 335 178
000633.jpg,21 1 375 339
000635.jpg,148 153 342 420
000648.jpg,112 28 266 353
000654.jpg,151 54 249 215
000657.jpg,155 252 176 310
000671.jpg,329 47 471 268
000672.jpg,90 11 307 495
000680.jpg,143 212 241 319
000685.jpg,1 15 374 498
000688.jpg,41 7 317 500
000689.jpg,38 1 347 498
000695.jpg,125 108 366 415
000699.jpg,1 0 381 500
000700.jpg,245 124 333 477
000709.jpg,56 118 352 394
000710.jpg,181 187 464 303
000711.jpg,1 58 187 236
000726.jpg,74 69 333 499
000729.jpg,5 9 498 372
000731.jpg,74 12 373 300
000733.jpg,200 102 435 448
000739.jpg,64 271 374 415
000740.jpg,84 289 276 404
000753.jpg,187 163 375 429
000754.jpg,80 55 170 157
000761.jpg,140 149 322 437
000764.jpg,79 78 271 366
000767.jpg,0 31 318 470
000768.jpg,45 32 330 369
000770.jpg,166 124 375 431
000774.jpg,35 84 225 447
000793.jpg,159 150 280 310
000796.jpg,117 164 316 418
000804.jpg,264 190 470 332
000805.jpg,64 28 411 356
000810.jpg,12 150 375 498
000812.jpg,32 148 333 360
000818.jpg,120 294 204 500
000820.jpg,139 179 307 368
000822.jpg,164 97 346 230
000823.jpg,159 48 265 343
000827.jpg,159 249 202 310
000828.jpg,88 156 500 375
000829.jpg,165 216 280 452
000830.jpg,181 123 370 352
000845.jpg,96 8 206 493
000849.jpg,55 22 328 159
000850.jpg,70 212 209 334
000851.jpg,129 102 311 402
000859.jpg,55 12 331 327
000860.jpg,84 80 292 428
000865.jpg,101 189 375 337
000867.jpg,95 171 191 230
000871.jpg,113 7 292 491
000887.jpg,48 24 247 473
000888.jpg,207 71 319 209
000889.jpg,1 187 394 327
000892.jpg,211 189 375 344
000898.jpg,114 0 361 499
000899.jpg,138 91 243 473
000900.jpg,134 259 269 342
000902.jpg,84 70 314 332
000904.jpg,112 16 238 165
000906.jpg,0 22 216 383
000908.jpg,60 0 375 500
000912.jpg,32 152 334 500
000915.jpg,70 205 375 416
000919.jpg,81 38 330 352
000929.jpg,64 0 375 500
000936.jpg,104 313 156 364
000943.jpg,68 0 372 178
000950.jpg,193 51 324 438
000951.jpg,72 225 127 245
000954.jpg,129 0 322 399
000958.jpg,89 0 299 327
000962.jpg,136 3 375 493
000964.jpg,85 166 304 288
000965.jpg,85 1 500 374
000966.jpg,47 41 312 493
000967.jpg,123 22 333 500
000977.jpg,258 326 332 454
000980.jpg,45 114 321 500
000987.jpg,94 18 443 458
000989.jpg,116 51 177 109
000991.jpg,116 112 471 218
000993.jpg,136 213 277 366
000996.jpg,156 4 375 500
000997.jpg,195 0 375 205
000999.jpg,15 1 500 280
001001.jpg,63 61 375 325
001002.jpg,383 198 483 375
001008.jpg,153 219 280 300
001010.jpg,5 156 146 308
001011.jpg,2 238 375 500
001014.jpg,90 85 375 359
001015.jpg,187 391 209 418
001024.jpg,29 0 375 386
001036.jpg,4 226 375 500
001043.jpg,8 60 309 482
001050.jpg,125 234 241 297
001057.jpg,37 5 335 353
001060.jpg,182 410 212 500
001064.jpg,33 12 203 267
001068.jpg,22 32 316 461
001071.jpg,168 156 455 302
001073.jpg,151 326 240 425
001077.jpg,100 27 296 214
001078.jpg,100 1 375 245
001079.jpg,246 0 375 480
001082.jpg,152 211 306 347
001101.jpg,27 1 332 217
001106.jpg,173 338 363 465
001112.jpg,86 322 214 406
001113.jpg,77 250 326 406
001119.jpg,177 249 215 343
001127.jpg,124 41 330 203
001129.jpg,28 1 270 500
001130.jpg,106 113 266 296
001140.jpg,63 168 402 260
001147.jpg,1 18 333 497
001151.jpg,2 262 329 428
001152.jpg,1 51 336 448
001156.jpg,79 99 324 414
001158.jpg,1 0 359 259
001168.jpg,0 0 375 403
001171.jpg,65 289 331 479
001172.jpg,19 18 162 486
001174.jpg,207 184 325 373
001182.jpg,148 124 294 403
001191.jpg,2 0 375 298
001194.jpg,179 71 340 281
001204.jpg,191 80 373 475
001205.jpg,75 87 263 314
001207.jpg,76 124 375 500
001209.jpg,95 195 238 273
001212.jpg,77 374 370 500
001214.jpg,164 239 375 500
001226.jpg,49 104 274 499
001229.jpg,74 14 375 429
001230.jpg,153 67 253 399
001234.jpg,166 32 500 190
001237.jpg,155 114 213 266
001239.jpg,137 227 375 381
001240.jpg,158 21 375 427
001248.jpg,19 396 345 497
001258.jpg,91 100 287 423
001263.jpg,158 156 275 266
001268.jpg,89 28 245 323
001269.jpg,91 107 333 389
001270.jpg,125 30 234 448
001273.jpg,131 52 419 392
001279.jpg,164 23 500 373
001287.jpg,102 177 401 500
001294.jpg,150 323 210 404
001299.jpg,25 38 412 229
001304.jpg,183 142 264 175
001309.jpg,25 91 486 253
001312.jpg,0 0 318 480
001314.jpg,1 67 323 369
001315.jpg,50 41 334 237
001323.jpg,187 32 322 481
001325.jpg,150 78 261 351
001326.jpg,0 26 375 500
001327.jpg,53 0 500 226
001332.jpg,25 19 72 82
001333.jpg,175 155 242 203
001334.jpg,69 15 288 489
001345.jpg,166 286 262 356
001346.jpg,0 6 228 262
001348.jpg,51 162 210 313
001364.jpg,42 68 290 405
001365.jpg,138 321 189 416
001378.jpg,89 181 404 350
001384.jpg,139 89 324 334
001385.jpg,117 178 194 365
001388.jpg,1 1 414 500
001390.jpg,54 69 230 114
001393.jpg,193 60 375 325
001395.jpg,23 34 375 499
001402.jpg,117 0 375 369
001404.jpg,21 56 361 443
001405.jpg,58 82 435 273
001406.jpg,0 0 373 500
001408.jpg,86 83 366 333
001409.jpg,73 225 240 464
001414.jpg,63 39 313 458
001418.jpg,33 31 473 344
001420.jpg,108 191 270 340
001421.jpg,0 188 438 372
001426.jpg,2 2 498 222
001427.jpg,113 158 297 267
001434.jpg,221 96 311 235
001436.jpg,124 184 167 330
001442.jpg,67 72 333 429
001450.jpg,69 182 253 330
001451.jpg,100 96 251 221
001453.jpg,28 175 306 297
001455.jpg,175 124 374 345
001457.jpg,120 135 264 350
001468.jpg,63 137 256 250
001470.jpg,29 102 234 311
001479.jpg,87 143 375 500
001480.jpg,62 172 341 432
001483.jpg,71 170 303 388
001485.jpg,104 42 300 334
001486.jpg,60 109 269 461
001488.jpg,151 253 204 385
001492.jpg,167 184 316 487
001494.jpg,242 121 371 321
001498.jpg,13 50 500 359
001499.jpg,222 211 300 238
001501.jpg,147 329 244 376
001504.jpg,421 258 493 281
001512.jpg,129 159 232 435
001515.jpg,12 59 500 361
001517.jpg,108 18 291 416
001521.jpg,130 133 462 230
001524.jpg,83 138 212 205
001526.jpg,14 380 297 500
001528.jpg,75 45 348 372
001529.jpg,156 159 317 450
001532.jpg,169 104 205 180
001539.jpg,166 101 350 357
001548.jpg,144 132 328 287
001555.jpg,293 332 368 390
001556.jpg,30 322 292 435
001557.jpg,2 35 107 379
001559.jpg,174 145 226 183
001563.jpg,200 11 333 385
001576.jpg,171 50 280 458
001579.jpg,253 35 441 324
001580.jpg,66 208 341 433
001586.jpg,53 27 329 429
001590.jpg,39 302 324 375
001593.jpg,127 124 433 276
001594.jpg,92 334 218 400
001597.jpg,134 226 291 330
001604.jpg,87 244 340 500
001607.jpg,0 20 374 500
001610.jpg,55 15 276 368
001611.jpg,170 157 500 425
001612.jpg,104 156 277 466
001622.jpg,246 0 418 149
001627.jpg,6 103 475 280
001630.jpg,195 154 500 343
001633.jpg,176 70 373 419
001636.jpg,122 58 216 121
001643.jpg,41 0 323 472
001649.jpg,52 11 499 438
001650.jpg,203 379 333 500
001651.jpg,120 62 500 342
001654.jpg,65 144 266 284
001661.jpg,198 106 374 330
001662.jpg,105 10 269 482
001669.jpg,74 20 337 364
001673.jpg,109 35 319 440
001676.jpg,37 29 219 483
001680.jpg,103 90 500 331
001683.jpg,212 223 279 430
001684.jpg,5 16 422 465
001688.jpg,10 60 373 415
001690.jpg,100 39 292 182
001699.jpg,55 42 332 424
001707.jpg,129 9 499 378
001708.jpg,92 5 245 498
001711.jpg,0 311 153 430
001713.jpg,63 34 356 479
001714.jpg,301 126 357 208
001717.jpg,98 226 404 365
001721.jpg,168 228 341 383
001723.jpg,10 77 372 309
001729.jpg,62 370 332 500
001732.jpg,190 347 289 444
001733.jpg,274 179 365 235
001734.jpg,83 99 313 441
001738.jpg,67 124 300 323
001739.jpg,177 148 317 214
001741.jpg,110 0 251 115
001750.jpg,184 255 249 344
001752.jpg,3 2 500 375
001754.jpg,53 14 494 275
001758.jpg,107 3 500 232
001759.jpg,1 297 375 500
001761.jpg,86 26 273 500
001765.jpg,6 74 353 387
001766.jpg,238 0 375 216
001768.jpg,62 0 344 261
001777.jpg,98 4 334 497
001780.jpg,74 151 255 395
001787.jpg,100 146 347 277
001789.jpg,83 0 288 159
001800.jpg,71 83 371 242
001806.jpg,156 116 375 209
001809.jpg,251 8 367 85
001810.jpg,50 0 375 236
001821.jpg,124 91 248 362
001825.jpg,38 0 300 403
001828.jpg,32 1 445 289
001832.jpg,0 0 375 500
001834.jpg,38 45 304 456
001836.jpg,80 1 375 462
001840.jpg,173 127 296 321
001841.jpg,219 1 500 278
001843.jpg,16 61 375 273
001845.jpg,176 26 343 230
001853.jpg,62 201 286 343
001854.jpg,37 51 499 277
001858.jpg,98 16 216 475
001861.jpg,8 65 363 484
001864.jpg,54 60 375 249
001870.jpg,15 3 400 400
001881.jpg,76 61 357 456
001892.jpg,2 3 373 500
001894.jpg,1 210 375 500
001896.jpg,58 279 371 422
001898.jpg,105 68 178 140
001902.jpg,146 255 274 500
001903.jpg,141 92 333 358
001904.jpg,68 198 335 391
001906.jpg,146 102 272 393
001915.jpg,219 21 265 87
001922.jpg,74 64 269 470
001928.jpg,81 6 419 404
001930.jpg,125 219 327 314
001937.jpg,210 10 433 332
001938.jpg,2 2 375 500
001941.jpg,45 117 310 500
001945.jpg,160 92 477 221
001950.jpg,239 152 291 170
001952.jpg,25 25 372 475
001954.jpg,118 117 251 337
001960.jpg,137 107 332 264
001963.jpg,282 4 375 499
001971.jpg,70 138 266 499
001977.jpg,47 179 234 481
001978.jpg,150 138 321 210
001980.jpg,17 163 375 500
001981.jpg,0 35 273 329
001985.jpg,91 80 486 238
001989.jpg,93 65 375 445
001995.jpg,34 91 250 281
001999.jpg,53 83 375 262
002001.jpg,109 169 128 206
002002.jpg,162 23 265 97
002004.jpg,110 36 275 190
002006.jpg,2 0 375 475
002012.jpg,117 155 245 195
002015.jpg,2 310 331 500
002020.jpg,79 34 305 418
002025.jpg,296 203 500 332
002027.jpg,277 269 295 357
002034.jpg,121 7 288 207
002037.jpg,88 99 367 402
002039.jpg,86 245 175 284
002042.jpg,181 74 360 260
002043.jpg,11 37 497 364
002047.jpg,224 209 285 295
002049.jpg,79 25 290 334
002051.jpg,1 0 500 333
002055.jpg,145 63 375 229
002056.jpg,138 92 402 303
002061.jpg,166 0 374 493
002068.jpg,112 230 196 372
002069.jpg,43 131 337 245
002095.jpg,20 4 380 289
002096.jpg,44 45 500 270
002104.jpg,81 37 302 478
002108.jpg,199 0 375 500
002116.jpg,205 176 373 425
002117.jpg,82 68 321 224
002120.jpg,23 63 334 496
002126.jpg,1 219 375 500
002132.jpg,154 183 249 306
002134.jpg,60 0 342 484
002139.jpg,0 193 338 400
002151.jpg,0 28 327 305
002153.jpg,165 82 291 375
002155.jpg,18 37 303 499
002156.jpg,166 32 305 300
002158.jpg,142 28 246 293
002166.jpg,73 13 317 481
002170.jpg,260 147 344 379
002172.jpg,261 125 354 176
002176.jpg,28 95 389 465
002178.jpg,135 99 320 460
002179.jpg,7 5 373 487
002180.jpg,88 97 375 476
002182.jpg,120 14 252 438
002186.jpg,157 232 255 297
002187.jpg,143 180 292 414
002191.jpg,3 0 374 500
002192.jpg,45 190 333 365
002193.jpg,110 278 323 353
002194.jpg,125 294 305 464
002196.jpg,1 3 500 375
002197.jpg,115 0 336 330
002199.jpg,162 68 372 477
002208.jpg,91 134 361 500
002212.jpg,71 41 247 459
002215.jpg,54 12 258 174
002219.jpg,64 219 177 314
002221.jpg,57 147 453 375
002224.jpg,38 0 374 268
002234.jpg,149 109 250 415
002237.jpg,0 57 375 479
002238.jpg,90 234 231 300
002241.jpg,171 3 277 150
002247.jpg,258 8 451 375
002249.jpg,1 2 332 499
002253.jpg,16 13 319 479
002255.jpg,69 86 269 311
002256.jpg,194 326 373 500
002260.jpg,60 106 287 447
002265.jpg,38 0 500 206
002277.jpg,0 85 500 381
002279.jpg,11 25 318 443
002280.jpg,179 400 287 500
002284.jpg,277 109 493 250
002287.jpg,0 0 375 500
002291.jpg,99 124 337 422
002293.jpg,46 1 500 264
002306.jpg,55 19 346 141
002307.jpg,118 192 259 486
002310.jpg,29 153 333 484
002311.jpg,56 0 355 499
002315.jpg,36 176 249 394
002318.jpg,166 28 340 188
002320.jpg,32 68 202 282
002321.jpg,196 116 306 242
002323.jpg,109 69 283 379
002334.jpg,261 82 375 325
002335.jpg,53 0 375 500
002342.jpg,38 22 500 376
002347.jpg,252 164 328 241
002350.jpg,2 85 500 294
002354.jpg,127 63 252 451
002355.jpg,136 17 314 488
002359.jpg,113 11 375 351
002362.jpg,253 209 375 418
002368.jpg,273 182 391 272
002373.jpg,17 46 319 407
002384.jpg,63 42 368 298
002392.jpg,105 59 177 412
002401.jpg,84 12 500 301
002403.jpg,29 282 174 394
002405.jpg,118 52 407 354
002410.jpg,27 87 318 356
002411.jpg,162 128 259 300
002413.jpg,8 88 499 375
002419.jpg,105 112 262 379
002420.jpg,47 80 251 475
002423.jpg,145 232 237 410
002433.jpg,102 0 375 328
002436.jpg,157 65 210 217
002439.jpg,101 40 228 415
002442.jpg,20 2 497 375
002443.jpg,174 50 393 333
002445.jpg,88 12 490 349
002448.jpg,145 40 435 360
002458.jpg,149 21 203 102
002461.jpg,48 163 270 320
002465.jpg,13 45 322 500
002466.jpg,91 124 217 421
002468.jpg,171 44 330 178
002471.jpg,42 4 375 302
002472.jpg,145 135 235 384
002478.jpg,249 279 335 483
002480.jpg,110 145 312 407
002481.jpg,18 14 426 316
002483.jpg,110 193 371 305
002490.jpg,133 0 340 147
002494.jpg,22 9 374 500
002496.jpg,69 60 348 500
002500.jpg,0 62 471 340
002501.jpg,123 5 375 262
002502.jpg,113 11 412 275
002512.jpg,187 0 375 299
002514.jpg,35 163 333 386
002518.jpg,127 253 323 362
002519.jpg,1 54 375 476
002533.jpg,40 36 356 431
002534.jpg,156 225 197 281
002539.jpg,0 0 333 500
002544.jpg,118 80 277 422
002545.jpg,42 74 496 206
002547.jpg,141 194 284 272
002554.jpg,107 166 215 287
002555.jpg,94 202 375 487
002558.jpg,38 85 268 222
002559.jpg,63 102 293 453
002564.jpg,33 156 333 448
002569.jpg,22 32 482 353
002571.jpg,4 0 333 316
002572.jpg,72 32 333 210
002579.jpg,73 79 475 357
002590.jpg,271 2 443 374
002594.jpg,29 357 175 497
002595.jpg,114 67 234 442
002599.jpg,42 69 364 425
002603.jpg,98 184 245 304
002609.jpg,39 39 255 217
002611.jpg,0 0 351 397
002625.jpg,293 41 313 88
002627.jpg,334 3 500 375
002634.jpg,101 162 312 392
002635.jpg,108 136 281 419
002645.jpg,167 248 332 383
002647.jpg,173 220 212 306
002648.jpg,156 103 372 302
002653.jpg,11 1 375 456
002662.jpg,169 119 378 491
002664.jpg,107 148 173 269
002666.jpg,173 2 448 299
002669.jpg,190 115 287 245
002680.jpg,35 3 334 500
002682.jpg,150 167 279 330
002683.jpg,122 129 293 348
002684.jpg,46 70 493 447
002691.jpg,26 63 375 478
002697.jpg,25 24 498 216
002702.jpg,188 88 500 333
002704.jpg,96 11 500 332
002710.jpg,62 124 331 493
002713.jpg,49 42 379 208
002715.jpg,282 111 375 320
002722.jpg,47 57 317 485
002730.jpg,87 185 294 385
002735.jpg,167 53 433 334
002737.jpg,90 124 200 420
002738.jpg,89 35 180 120
002744.jpg,17 0 378 188
002745.jpg,58 212 442 312
002749.jpg,24 174 319 500
002755.jpg,81 290 357 494
002757.jpg,56 74 370 467
002759.jpg,81 74 310 413
002763.jpg,116 64 347 411
002765.jpg,115 202 172 360
002766.jpg,115 166 238 323
002774.jpg,127 71 375 340
002778.jpg,293 321 375 395
002779.jpg,131 31 234 229
002782.jpg,33 0 267 467
002783.jpg,294 280 354 338
002791.jpg,114 113 309 487
002795.jpg,203 195 249 256
002796.jpg,226 129 364 306
002801.jpg,1 1 375 500
002804.jpg,155 218 311 264
002807.jpg,113 75 449 395
002816.jpg,144 50 307 454
002817.jpg,7 22 319 381
002820.jpg,228 409 304 493
002826.jpg,92 127 461 316
002834.jpg,1 3 485 223
002841.jpg,76 97 434 332
002844.jpg,36 140 248 500
002845.jpg,264 13 347 175
002848.jpg,14 200 82 278
002855.jpg,191 214 374 475
002858.jpg,78 67 480 292
002864.jpg,17 252 346 500
002866.jpg,224 121 375 347
002867.jpg,0 166 456 374
002868.jpg,233 78 319 192
002869.jpg,93 20 226 489
002870.jpg,14 67 280 179
002873.jpg,195 139 221 245
002881.jpg,42 84 470 323
002899.jpg,55 25 390 371
002906.jpg,194 148 380 293
002914.jpg,12 286 374 500
002919.jpg,3 26 361 363
002931.jpg,79 270 375 500
002934.jpg,4 30 441 393
002937.jpg,56 71 298 369
002939.jpg,100 158 375 336
002953.jpg,51 215 304 416
002956.jpg,177 244 334 472
002957.jpg,35 0 375 437
002958.jpg,1 64 333 500
002962.jpg,0 191 326 466
002969.jpg,124 138 374 500
002975.jpg,24 224 207 500
002976.jpg,198 2 500 240
002987.jpg,157 127 334 322
002988.jpg,17 104 335 407
002989.jpg,177 80 265 197
002990.jpg,176 198 308 259
002992.jpg,201 29 423 316
002995.jpg,23 0 500 392
003002.jpg,103 120 418 317
003003.jpg,129 343 375 500
003007.jpg,1 28 296 500
003011.jpg,217 273 374 478
003013.jpg,116 84 291 432
003024.jpg,71 4 163 150
003027.jpg,92 137 289 397
003034.jpg,96 39 307 259
003042.jpg,186 99 366 407
003047.jpg,86 276 173 366
003051.jpg,81 29 207 283
003053.jpg,177 281 236 450
003061.jpg,10 285 220 446
003063.jpg,42 2 386 372
003066.jpg,169 138 270 255
003074.jpg,191 205 222 260
003077.jpg,138 72 289 156
003083.jpg,425 269 480 375
003085.jpg,80 173 266 327
003088.jpg,64 68 375 330
003092.jpg,45 153 247 440
003100.jpg,262 48 330 175
003103.jpg,63 32 186 328
003105.jpg,55 41 271 351
003106.jpg,14 184 374 401
003107.jpg,130 0 500 274
003108.jpg,42 213 333 500
003110.jpg,126 212 266 275
003116.jpg,66 99 400 487
003122.jpg,67 308 375 500
003124.jpg,28 53 325 475
003133.jpg,54 31 213 435
003134.jpg,0 269 366 483
003135.jpg,113 1 276 497
003138.jpg,75 204 375 445
003140.jpg,75 15 335 343
003145.jpg,26 16 375 351
003146.jpg,152 42 319 214
003147.jpg,144 152 257 366
003149.jpg,30 130 331 464
003150.jpg,70 193 340 463
003155.jpg,120 3 419 313
003157.jpg,56 136 185 303
003159.jpg,83 329 316 448
003161.jpg,157 393 276 450
003163.jpg,65 55 240 441
003165.jpg,51 41 301 273
003169.jpg,112 53 332 474
003175.jpg,99 9 500 325
003181.jpg,31 1 333 270
003183.jpg,175 219 191 243
003184.jpg,73 1 375 500
003185.jpg,72 104 375 231
003188.jpg,124 53 375 320
003202.jpg,138 171 275 295
003204.jpg,194 171 299 278
003205.jpg,167 10 447 322
003211.jpg,121 305 366 427
003214.jpg,142 229 220 496
003229.jpg,160 346 225 433
003231.jpg,269 37 366 167
003233.jpg,77 0 344 498
003236.jpg,0 242 282 500
003240.jpg,140 183 278 374
003242.jpg,147 180 251 272
003244.jpg,141 0 245 498
003247.jpg,13 260 332 380
003253.jpg,0 0 426 500
003254.jpg,131 209 205 301
003259.jpg,52 96 298 298
003260.jpg,57 10 449 112
003261.jpg,0 0 374 206
003269.jpg,0 53 374 220
003270.jpg,79 117 305 327
003273.jpg,103 140 284 305
003279.jpg,84 173 270 500
003280.jpg,58 106 333 494
003282.jpg,18 1 500 334
003284.jpg,171 60 372 233
003290.jpg,75 237 285 403
003292.jpg,43 125 240 231
003303.jpg,161 61 304 149
003308.jpg,276 10 500 181
003320.jpg,70 0 333 185
003330.jpg,95 267 247 375
003331.jpg,139 160 226 313
003336.jpg,60 2 375 242
003337.jpg,145 70 210 365
003338.jpg,74 195 285 334
003339.jpg,23 20 288 314
003343.jpg,81 166 333 407
003349.jpg,54 87 289 327
003350.jpg,0 0 332 472
003354.jpg,74 92 223 256
003355.jpg,1 1 242 324
003356.jpg,62 98 326 387
003359.jpg,30 21 365 426
003363.jpg,232 1 479 314
003365.jpg,107 117 197 450
003367.jpg,212 14 302 111
003369.jpg,0 0 299 447
003373.jpg,159 231 329 441
003374.jpg,117 134 359 311
003379.jpg,113 67 213 409
003380.jpg,26 244 375 500
003382.jpg,157 145 500 375
003392.jpg,2 134 375 497
003395.jpg,211 77 493 317
003396.jpg,83 13 330 376
003401.jpg,140 18 281 191
003406.jpg,3 1 374 500
003408.jpg,258 297 375 500
003412.jpg,130 59 500 332
003413.jpg,28 67 327 259
003416.jpg,10 0 296 320
003417.jpg,82 19 257 433
003420.jpg,215 24 266 121
003421.jpg,321 106 500 300
003424.jpg,81 94 412 269
003430.jpg,127 149 324 355
003433.jpg,15 145 395 327
003436.jpg,91 277 361 439
003439.jpg,88 85 295 279
003441.jpg,97 104 274 378
003450.jpg,132 21 370 423
003452.jpg,299 85 471 257
003466.jpg,14 176 283 445
003477.jpg,114 97 351 259
003484.jpg,64 48 323 491
003487.jpg,160 49 374 416
003489.jpg,31 279 257 456
003491.jpg,14 30 347 419
003493.jpg,118 136 234 440
003496.jpg,4 0 333 466
003497.jpg,100 24 254 357
003499.jpg,25 106 324 496
003500.jpg,80 0 368 373
003506.jpg,41 62 287 261
003508.jpg,156 0 500 269
003509.jpg,27 183 499 375
003510.jpg,243 409 347 463
003511.jpg,8 51 323 469
003522.jpg,1 248 328 500
003524.jpg,38 33 480 418
003525.jpg,0 159 375 448
003529.jpg,44 93 305 334
003539.jpg,63 81 327 226
003548.jpg,35 50 375 500
003549.jpg,47 158 215 350
003550.jpg,15 152 500 291
003551.jpg,111 31 291 432
003555.jpg,240 437 301 500
003564.jpg,50 92 304 339
003565.jpg,217 279 317 500
003575.jpg,145 21 364 344
003576.jpg,68 199 231 500
003577.jpg,205 0 375 420
003585.jpg,243 88 425 291
003586.jpg,0 1 188 247
003588.jpg,62 199 319 324
003596.jpg,106 77 304 429
003599.jpg,33 125 327 376
003603.jpg,222 94 375 417
003604.jpg,102 61 375 500
003605.jpg,79 14 383 500
003608.jpg,63 85 285 443
003609.jpg,134 5 270 186
003614.jpg,112 81 250 272
003621.jpg,152 198 271 328
003622.jpg,222 67 347 182
003625.jpg,87 126 275 378
003627.jpg,0 134 333 365
003628.jpg,0 50 324 448
003629.jpg,41 228 322 387
003634.jpg,101 267 215 471
003635.jpg,44 2 325 500
003642.jpg,57 25 226 461
003644.jpg,103 290 281 461
003645.jpg,113 170 178 204
003646.jpg,141 199 302 276
003656.jpg,36 33 84 91
003658.jpg,9 24 333 496
003662.jpg,146 174 500 333
003663.jpg,42 0 282 302
003664.jpg,214 200 374 416
003671.jpg,5 134 323 358
003678.jpg,87 236 326 490
003679.jpg,52 37 302 432
003681.jpg,58 335 351 500
003688.jpg,1 1 333 267
003694.jpg,57 53 263 151
003695.jpg,144 0 283 480
003698.jpg,258 355 322 404
003699.jpg,64 0 312 434
003700.jpg,109 422 369 491
003704.jpg,61 219 347 458
003705.jpg,99 195 176 270
003713.jpg,216 1 344 75
003714.jpg,168 176 289 298
003732.jpg,0 66 500 375
003735.jpg,77 74 330 405
003740.jpg,155 6 353 99
003743.jpg,144 83 273 292
003748.jpg,173 261 320 415
003749.jpg,56 169 375 500
003751.jpg,189 1 334 140
003752.jpg,322 403 351 500
003758.jpg,1 82 333 489
003759.jpg,135 253 375 426
003763.jpg,0 0 375 407
003767.jpg,200 277 375 456
003773.jpg,120 12 230 485
003779.jpg,104 55 383 400
003781.jpg,97 31 375 334
003784.jpg,231 31 407 311
003786.jpg,164 170 273 287
003788.jpg,0 0 281 500
003790.jpg,114 53 269 462
003792.jpg,107 177 288 410
003797.jpg,0 38 400 500
003806.jpg,26 84 261 433
003807.jpg,66 35 375 500
003811.jpg,86 129 269 313
003817.jpg,2 4 333 431
003818.jpg,136 169 210 341
003824.jpg,144 60 451 301
003827.jpg,87 195 262 274
003828.jpg,52 167 86 223
003830.jpg,19 42 341 500
003834.jpg,49 294 335 496
003835.jpg,196 42 313 185
003847.jpg,150 203 375 500
003849.jpg,174 169 267 301
003856.jpg,20 118 359 373
003859.jpg,119 0 500 375
003860.jpg,0 0 212 458
003861.jpg,51 114 294 287
003865.jpg,59 384 375 500
003866.jpg,81 10 234 385
003874.jpg,293 99 324 148
003879.jpg,72 85 326 191
003887.jpg,442 174 472 212
003889.jpg,78 156 294 282
003890.jpg,269 6 500 282
003898.jpg,74 102 104 157
003899.jpg,116 123 297 318
003907.jpg,208 268 375 496
003912.jpg,99 113 394 487
003913.jpg,1 209 374 500
003921.jpg,67 82 375 398
003932.jpg,19 61 493 283
003935.jpg,54 97 340 347
003936.jpg,201 33 259 190
003939.jpg,86 110 198 347
003945.jpg,135 102 256 227
003949.jpg,150 209 193 245
003953.jpg,179 93 429 300
003956.jpg,75 1 500 375
003961.jpg,0 0 500 329
003969.jpg,135 75 185 132
003970.jpg,114 95 437 230
003971.jpg,124 25 273 479
003974.jpg,46 0 259 289
003983.jpg,53 149 218 337
003987.jpg,378 1 499 280
003988.jpg,221 0 336 117
003991.jpg,52 78 264 500
003993.jpg,86 44 245 418
003997.jpg,109 170 262 447
003998.jpg,59 11 307 500
004005.jpg,184 117 217 360
004008.jpg,54 132 310 288
004009.jpg,105 152 255 274
004012.jpg,112 0 500 375
004013.jpg,169 169 343 387
004014.jpg,74 0 500 374
004016.jpg,58 110 292 391
004017.jpg,3 9 375 450
004019.jpg,315 393 360 474
004023.jpg,84 248 330 500
004028.jpg,1 1 227 124
004033.jpg,0 188 280 447
004034.jpg,117 101 458 375
004035.jpg,14 230 297 394
004037.jpg,333 2 422 54
004046.jpg,55 195 198 365
004052.jpg,107 46 213 398
004058.jpg,23 0 403 213
004067.jpg,147 284 182 337
004091.jpg,142 0 375 197
004092.jpg,101 72 374 430
004093.jpg,188 256 320 381
004095.jpg,96 185 304 323
004100.jpg,161 317 286 467
004106.jpg,280 190 375 424
004111.jpg,113 127 375 375
004120.jpg,40 58 301 500
004121.jpg,91 219 242 347
004129.jpg,33 1 319 460
004131.jpg,97 338 110 366
004133.jpg,17 96 334 224
004136.jpg,100 70 338 451
004137.jpg,107 0 351 267
004138.jpg,71 4 480 297
004140.jpg,0 1 375 500
004146.jpg,59 46 375 500
004149.jpg,88 0 375 500
004152.jpg,44 152 426 375
004158.jpg,46 0 333 117
004163.jpg,196 247 316 355
004164.jpg,234 4 366 427
004168.jpg,223 287 424 426
004169.jpg,21 0 500 324
004170.jpg,188 76 250 411
004171.jpg,301 96 433 272
004189.jpg,56 170 280 344
004190.jpg,114 0 326 201
004196.jpg,70 147 229 351
004200.jpg,52 17 252 151
004201.jpg,99 113 375 485
004209.jpg,2 357 242 436
004215.jpg,1 7 374 405
004220.jpg,131 151 214 380
004221.jpg,154 239 240 321
004223.jpg,4 183 327 424
004224.jpg,87 46 299 466
004228.jpg,70 41 262 429
004231.jpg,160 334 330 500
004232.jpg,129 25 180 101
004237.jpg,2 0 375 169
004241.jpg,80 128 325 369
004242.jpg,12 2 374 474
004244.jpg,179 96 373 500
004247.jpg,198 110 259 219
004253.jpg,178 166 332 348
004255.jpg,2 0 371 446
004256.jpg,1 1 300 500
004263.jpg,111 75 328 366
004269.jpg,63 0 332 279
004270.jpg,102 139 375 333
004271.jpg,269 211 347 254
004272.jpg,145 162 394 367
004273.jpg,14 0 375 321
004280.jpg,182 181 500 297
004281.jpg,0 269 375 500
004283.jpg,0 152 499 375
004287.jpg,0 1 400 500
004291.jpg,0 2 500 374
004292.jpg,157 9 412 183
004296.jpg,234 33 500 322
004300.jpg,200 78 317 235
004303.jpg,2 0 281 305
004307.jpg,86 170 262 454
004315.jpg,149 134 357 265
004318.jpg,60 0 283 365
004322.jpg,36 2 500 241
004325.jpg,21 0 346 189
004327.jpg,65 11 415 493
004333.jpg,38 354 264 413
004338.jpg,74 68 313 450
004339.jpg,199 32 452 199
004345.jpg,7 104 316 367
004347.jpg,10 178 333 358
004359.jpg,129 162 298 224
004360.jpg,64 17 500 333
004361.jpg,108 185 289 332
004365.jpg,77 56 282 484
004367.jpg,50 108 375 500
004370.jpg,1 2 330 261
004371.jpg,222 242 279 410
004372.jpg,115 141 282 317
004376.jpg,15 110 374 500
004379.jpg,180 161 228 305
004386.jpg,78 18 331 384
004387.jpg,262 312 358 500
004389.jpg,238 60 496 308
004391.jpg,152 205 183 320
004392.jpg,109 179 375 334
004404.jpg,57 74 375 393
004434.jpg,192 141 318 366
004436.jpg,153 107 382 243
004439.jpg,249 325 307 438
004441.jpg,154 113 199 174
004452.jpg,250 410 302 454
004470.jpg,64 6 287 464
004471.jpg,89 9 485 151
004479.jpg,72 170 361 373
004481.jpg,166 41 376 465
004484.jpg,198 46 375 500
004496.jpg,9 133 330 321
004500.jpg,104 59 241 253
004502.jpg,59 56 391 399
004508.jpg,97 18 331 282
004510.jpg,198 100 375 255
004514.jpg,17 195 275 456
004517.jpg,97 1 500 355
004519.jpg,109 91 241 408
004520.jpg,50 169 478 447
004524.jpg,272 310 344 383
004526.jpg,73 103 239 436
004537.jpg,121 180 318 402
004540.jpg,140 7 316 333
004544.jpg,52 69 282 465
004548.jpg,57 140 272 414
004549.jpg,146 353 270 499
004551.jpg,0 0 375 493
004553.jpg,104 139 334 498
004562.jpg,2 266 256 360
004563.jpg,218 57 267 135
004565.jpg,132 2 497 390
004566.jpg,0 210 250 500
004570.jpg,2 2 245 370
004571.jpg,41 55 236 168
004576.jpg,63 29 245 441
004579.jpg,131 0 247 500
004584.jpg,88 5 327 498
004587.jpg,297 208 356 322
004591.jpg,265 306 333 500
004595.jpg,0 249 375 500
004597.jpg,180 82 255 120
004604.jpg,131 57 280 394
004605.jpg,120 92 325 352
004607.jpg,106 92 232 389
004611.jpg,166 354 374 480
004612.jpg,132 229 202 270
004622.jpg,60 38 500 375
004623.jpg,82 50 358 428
004625.jpg,88 81 375 433
004627.jpg,201 192 272 421
004628.jpg,0 234 279 443
004631.jpg,153 88 496 251
004634.jpg,142 159 305 400
004636.jpg,116 191 206 412
004643.jpg,61 8 306 472
004644.jpg,25 0 260 186
004648.jpg,165 145 216 425
004651.jpg,153 152 262 216
004656.jpg,283 145 383 234
004671.jpg,0 48 497 283
004675.jpg,45 2 150 374
004679.jpg,0 0 372 497
004683.jpg,1 21 291 426
004685.jpg,166 118 414 328
004686.jpg,139 347 231 461
004687.jpg,82 97 321 383
004691.jpg,66 53 318 500
004693.jpg,1 103 261 500
004694.jpg,184 94 466 202
004701.jpg,0 333 110 386
004702.jpg,165 33 257 195
004705.jpg,205 0 270 104
004706.jpg,19 116 340 362
004710.jpg,0 145 248 355
004714.jpg,50 138 224 256
004715.jpg,102 158 375 305
004718.jpg,0 44 374 499
004723.jpg,127 358 375 460
004735.jpg,205 0 375 291
004737.jpg,54 184 332 500
004742.jpg,212 1 375 500
004743.jpg,1 0 375 500
004747.jpg,45 0 351 472
004748.jpg,214 26 334 234
004753.jpg,22 1 375 393
004754.jpg,269 0 500 133
004760.jpg,113 209 375 495
004773.jpg,248 77 496 368
004776.jpg,57 76 353 428
004779.jpg,202 113 291 284
004782.jpg,108 154 244 266
004783.jpg,154 255 178 290
004790.jpg,21 203 375 499
004792.jpg,134 114 336 257
004793.jpg,131 27 372 295
004794.jpg,139 189 243 405
004797.jpg,145 125 202 202
004799.jpg,110 60 474 328
004801.jpg,13 0 333 482
004808.jpg,161 113 273 423
004815.jpg,121 186 262 373
004823.jpg,79 0 331 498
004828.jpg,170 138 391 446
004830.jpg,109 103 212 418
004832.jpg,97 162 470 415
004836.jpg,146 0 446 474
004837.jpg,137 272 320 500
004841.jpg,199 106 243 171
004842.jpg,106 78 333 321
004846.jpg,2 200 242 500
004848.jpg,59 161 299 279
004849.jpg,190 142 281 250
004857.jpg,93 50 361 198
004869.jpg,68 60 433 350
004873.jpg,118 7 355 371
004876.jpg,90 25 208 61
004879.jpg,157 261 202 332
004882.jpg,68 196 330 446
004885.jpg,137 103 340 412
004897.jpg,195 180 333 242
004898.jpg,16 145 303 252
004902.jpg,67 194 375 500
004905.jpg,7 1 280 197
004907.jpg,0 176 329 440
004910.jpg,181 21 394 306
004911.jpg,36 69 343 396
004913.jpg,125 216 340 335
004929.jpg,20 214 375 500
004946.jpg,42 133 500 277
004951.jpg,141 50 262 500
004955.jpg,15 96 291 382
004958.jpg,18 59 283 273
004961.jpg,79 17 305 497
004962.jpg,171 254 208 348
004966.jpg,129 134 276 322
004968.jpg,1 44 470 329
004972.jpg,77 114 482 344
004973.jpg,148 280 240 408
004974.jpg,140 91 268 256
004976.jpg,192 127 338 500
004984.jpg,33 294 213 480
004987.jpg,185 43 365 285
004990.jpg,101 14 365 448
004991.jpg,138 52 375 404
004992.jpg,56 53 294 480
004995.jpg,213 105 390 235
005001.jpg,0 0 287 160
005004.jpg,30 136 275 454
005006.jpg,391 206 453 291
005007.jpg,9 115 266 390
005016.jpg,52 118 190 489
005018.jpg,84 190 308 412
005020.jpg,180 269 234 436
005023.jpg,265 206 339 259
005024.jpg,1 149 375 500
005026.jpg,169 0 294 354
005027.jpg,73 276 243 457
005029.jpg,98 248 152 315
005032.jpg,65 22 404 267
005033.jpg,121 106 348 478
005045.jpg,81 4 373 281
005047.jpg,0 2 244 500
005052.jpg,10 0 496 161
005057.jpg,111 166 312 355
005058.jpg,265 130 304 177
005061.jpg,81 0 317 235
005065.jpg,56 0 298 479
005068.jpg,410 7 485 212
005071.jpg,198 102 230 198
005073.jpg,84 409 151 500
005078.jpg,12 74 375 500
005084.jpg,22 81 233 185
005086.jpg,41 268 372 498
005090.jpg,118 27 265 466
005093.jpg,162 105 397 333
005094.jpg,134 0 226 281
005097.jpg,35 113 353 459
005101.jpg,1 0 500 374
005107.jpg,194 53 337 273
005108.jpg,112 170 173 231
005114.jpg,53 310 189 404
005121.jpg,90 29 333 205
005122.jpg,72 60 349 285
005124.jpg,67 178 324 500
005129.jpg,162 1 375 419
005130.jpg,130 114 433 324
005134.jpg,139 320 276 359
005138.jpg,85 22 436 434
005143.jpg,9 5 278 258
005153.jpg,66 308 267 500
005156.jpg,130 56 360 412
005168.jpg,115 35 229 445
005169.jpg,190 160 252 200
005171.jpg,226 188 269 276
005173.jpg,44 229 256 458
005177.jpg,178 6 363 377
005181.jpg,222 143 311 194
005183.jpg,9 0 500 375
005186.jpg,164 31 301 129
005189.jpg,44 138 404 500
005190.jpg,24 127 375 447
005191.jpg,205 32 375 445
005202.jpg,90 64 255 356
005203.jpg,1 2 375 499
005208.jpg,155 110 333 231
005215.jpg,1 61 375 500
005217.jpg,213 0 334 338
005219.jpg,59 96 255 160
005223.jpg,61 78 375 500
005231.jpg,39 0 374 498
005236.jpg,74 79 375 266
005244.jpg,9 1 342 436
005245.jpg,24 0 241 198
005246.jpg,47 83 387 493
005257.jpg,187 175 234 319
005258.jpg,0 0 315 500
005259.jpg,68 18 302 433
005260.jpg,54 34 191 171
005262.jpg,113 79 241 342
005269.jpg,112 75 302 402
005273.jpg,111 0 357 305
005283.jpg,19 149 375 345
005285.jpg,117 89 342 372
005288.jpg,258 216 290 249
005290.jpg,120 226 181 287
005292.jpg,217 303 376 500
005297.jpg,1 88 333 454
005303.jpg,39 9 500 378
005304.jpg,1 0 400 472
005307.jpg,54 2 341 378
005310.jpg,169 28 333 414
005311.jpg,0 0 205 194
005318.jpg,36 108 291 421
005327.jpg,158 1 374 500
005336.jpg,272 35 447 399
005337.jpg,98 283 130 357
005338.jpg,45 233 361 397
005344.jpg,39 38 452 284
005345.jpg,197 1 500 375
005351.jpg,191 265 375 438
005358.jpg,130 230 155 278
005360.jpg,96 71 242 431
005363.jpg,68 1 499 368
005368.jpg,17 8 500 323
005369.jpg,219 309 255 387
005373.jpg,149 244 188 300
005374.jpg,1 186 347 500
005387.jpg,171 44 305 415
005388.jpg,66 81 196 121
005389.jpg,41 24 208 410
005391.jpg,108 24 226 463
005396.jpg,121 268 475 486
005404.jpg,87 131 375 500
005405.jpg,150 70 401 276
005406.jpg,125 171 187 235
005408.jpg,112 86 269 335
005410.jpg,147 262 333 364
005413.jpg,100 59 499 228
005414.jpg,54 282 330 433
005417.jpg,0 0 373 384
005420.jpg,21 31 464 395
005424.jpg,136 20 365 209
005433.jpg,0 0 375 500
005440.jpg,175 0 243 444
005445.jpg,232 31 497 353
005448.jpg,113 290 218 355
005450.jpg,122 6 500 342
005451.jpg,102 237 500 375
005453.jpg,2 202 333 500
005455.jpg,33 88 250 333
005457.jpg,122 63 274 387
005467.jpg,191 110 375 500
005478.jpg,165 0 499 229
005483.jpg,71 62 230 376
005487.jpg,112 67 259 477
005489.jpg,165 251 203 329
005496.jpg,106 163 299 454
005499.jpg,47 1 333 500
005508.jpg,130 88 500 275
005509.jpg,64 10 200 463
005511.jpg,132 106 424 198
005514.jpg,52 0 297 364
005515.jpg,176 0 500 332
005519.jpg,75 222 289 389
005524.jpg,47 21 297 334
005526.jpg,3 0 375 268
005527.jpg,41 23 500 363
005536.jpg,115 42 321 426
005541.jpg,49 129 337 391
005542.jpg,121 152 375 277
005544.jpg,187 78 310 288
005547.jpg,149 47 347 447
005563.jpg,83 103 374 369
005566.jpg,38 79 293 422
005568.jpg,142 271 294 482
005574.jpg,126 129 308 500
005579.jpg,191 128 301 368
005582.jpg,7 73 375 382
005585.jpg,130 20 344 303
005591.jpg,256 113 375 430
005592.jpg,134 121 207 277
005599.jpg,26 149 369 318
005600.jpg,135 254 165 319
005601.jpg,160 1 382 427
005603.jpg,32 0 333 409
005605.jpg,222 380 362 500
005609.jpg,28 14 315 482
005611.jpg,52 92 319 343
005624.jpg,50 205 291 338
005625.jpg,49 64 375 500
005630.jpg,0 134 288 352
005631.jpg,117 0 498 206
005636.jpg,183 130 382 209
005637.jpg,121 226 274 314
005639.jpg,173 196 273 322
005644.jpg,38 183 372 500
005648.jpg,315 165 467 265
005654.jpg,60 0 324 442
005658.jpg,120 39 412 375
005668.jpg,130 1 373 185
005669.jpg,0 0 332 154
005680.jpg,64 120 318 372
005686.jpg,190 288 356 500
005695.jpg,128 70 499 331
005697.jpg,161 104 333 420
005699.jpg,216 154 310 346
005700.jpg,145 152 266 229
005704.jpg,81 73 302 220
005705.jpg,15 61 408 246
005710.jpg,243 258 333 334
005713.jpg,277 432 318 500
005715.jpg,7 38 375 474
005718.jpg,232 32 385 160
005728.jpg,141 279 248 406
005730.jpg,237 127 332 192
005731.jpg,33 1 313 429
005735.jpg,99 0 287 493
005738.jpg,91 57 270 378
005740.jpg,25 0 333 274
005742.jpg,225 421 254 472
005752.jpg,39 2 322 433
005756.jpg,166 39 303 463
005757.jpg,74 107 280 178
005764.jpg,16 0 461 109
005765.jpg,1 1 374 338
005769.jpg,161 67 343 497
005780.jpg,110 212 197 304
005782.jpg,92 53 226 411
005783.jpg,161 238 271 416
005784.jpg,105 6 438 494
005786.jpg,46 46 328 146
005789.jpg,136 236 347 500
005796.jpg,56 44 500 294
005803.jpg,155 66 273 433
005805.jpg,93 171 319 274
005806.jpg,153 215 286 349
005813.jpg,163 146 354 288
005814.jpg,0 52 346 279
005817.jpg,1 251 370 500
005821.jpg,183 354 354 481
005824.jpg,94 170 237 231
005826.jpg,158 77 286 132
005831.jpg,146 35 344 465
005836.jpg,39 70 500 263
005838.jpg,16 72 287 467
005840.jpg,159 76 500 245
005843.jpg,198 123 312 294
005850.jpg,116 53 322 348
005851.jpg,154 222 190 316
005859.jpg,2 1 375 298
005860.jpg,191 143 250 353
005861.jpg,146 245 222 382
005864.jpg,160 125 268 316
005867.jpg,251 231 375 365
005873.jpg,1 148 331 296
005881.jpg,78 205 371 500
005884.jpg,35 55 324 370
005885.jpg,56 108 373 410
005888.jpg,68 12 375 334
005889.jpg,60 262 375 500
005893.jpg,83 0 182 479
005895.jpg,203 273 235 316
005899.jpg,124 124 260 379
005901.jpg,152 103 375 404
005903.jpg,86 1 375 324
005905.jpg,1 1 283 246
005908.jpg,1 71 375 499
005909.jpg,123 151 333 291
005910.jpg,77 217 179 351
005911.jpg,49 1 314 500
005918.jpg,26 52 266 469
005920.jpg,264 14 375 350
005923.jpg,212 277 329 417
005930.jpg,80 47 197 213
005938.jpg,72 134 313 401
005947.jpg,25 89 330 323
005948.jpg,132 328 257 424
005951.jpg,61 184 301 498
005960.jpg,283 93 370 166
005961.jpg,390 57 485 294
005964.jpg,0 0 331 426
005971.jpg,108 7 333 341
005980.jpg,7 52 312 420
005983.jpg,92 234 160 286
005984.jpg,57 59 374 445
005990.jpg,0 96 372 397
005992.jpg,47 0 371 488
006004.jpg,163 93 424 301
006009.jpg,117 133 235 298
006011.jpg,178 189 276 337
006020.jpg,81 20 305 500
006023.jpg,45 20 280 495
006025.jpg,118 20 232 449
006030.jpg,239 0 375 291
006033.jpg,11 3 500 227
006038.jpg,232 372 315 447
006043.jpg,1 1 371 496
006061.jpg,6 212 200 500
006065.jpg,28 3 287 500
006066.jpg,119 149 264 339
006067.jpg,183 40 257 291
006070.jpg,178 0 500 338
006073.jpg,53 129 346 496
006074.jpg,207 243 345 500
006078.jpg,186 26 284 91
006079.jpg,152 163 213 332
006088.jpg,198 90 332 342
006091.jpg,57 134 200 309
006095.jpg,147 263 280 496
006096.jpg,47 29 324 472
006100.jpg,143 316 347 500
006103.jpg,307 1 371 67
006104.jpg,148 32 333 456
006105.jpg,4 43 443 151
006123.jpg,135 249 282 367
006128.jpg,193 93 323 500
006130.jpg,115 0 349 500
006131.jpg,94 288 264 446
006134.jpg,98 124 318 442
006135.jpg,142 220 183 266
006140.jpg,2 4 333 205
006141.jpg,27 237 388 336
006156.jpg,1 1 375 451
006158.jpg,148 0 338 204
006162.jpg,99 37 215 445
006166.jpg,121 124 340 312
006170.jpg,133 146 176 174
006171.jpg,165 1 315 412
006172.jpg,10 157 319 361
006174.jpg,75 48 374 388
006175.jpg,87 206 199 295
006176.jpg,3 202 479 497
006177.jpg,232 112 284 157
006179.jpg,14 57 221 302
006180.jpg,65 0 288 231
006181.jpg,65 25 319 486
006183.jpg,206 53 436 360
006187.jpg,32 60 500 375
006189.jpg,0 111 330 426
006196.jpg,0 67 373 500
006208.jpg,105 1 266 499
006210.jpg,91 402 255 500
006221.jpg,74 0 375 344
006223.jpg,89 127 266 426
006224.jpg,166 245 196 310
006225.jpg,81 85 292 463
006229.jpg,130 167 375 355
006230.jpg,32 0 356 487
006236.jpg,203 3 423 339
006238.jpg,10 39 333 317
006243.jpg,96 37 324 500
006247.jpg,62 1 358 454
006250.jpg,123 58 270 279
006251.jpg,237 74 286 146
006261.jpg,329 245 438 392
006262.jpg,97 42 257 481
006264.jpg,37 192 348 339
006267.jpg,155 83 301 394
006270.jpg,251 4 375 276
006272.jpg,216 70 347 146
006275.jpg,0 0 262 497
006279.jpg,126 30 244 499
006285.jpg,116 241 308 352
006289.jpg,201 159 499 436
006290.jpg,66 20 308 471
006291.jpg,26 300 337 484
006299.jpg,0 59 127 162
006304.jpg,196 320 252 357
006305.jpg,76 204 375 429
006320.jpg,42 122 302 434
006329.jpg,69 35 291 480
006341.jpg,86 38 500 347
006344.jpg,38 0 313 401
006349.jpg,35 4 256 495
006352.jpg,81 42 374 174
006353.jpg,1 0 375 500
006362.jpg,27 39 332 406
006363.jpg,107 117 469 220
006366.jpg,30 0 384 461
006367.jpg,1 114 333 400
006369.jpg,109 17 301 424
006371.jpg,22 15 307 485
006374.jpg,126 156 279 412
006375.jpg,159 27 306 196
006381.jpg,265 76 375 420
006382.jpg,61 2 331 295
006395.jpg,116 133 347 316
006400.jpg,100 188 235 440
006411.jpg,141 383 243 493
006417.jpg,108 77 262 401
006418.jpg,0 0 333 479
006419.jpg,347 56 485 153
006427.jpg,48 26 375 297
006429.jpg,1 0 500 328
006433.jpg,0 0 375 500
006434.jpg,0 146 375 500
006436.jpg,35 169 282 376
006438.jpg,96 191 225 359
006442.jpg,28 1 500 195
006447.jpg,140 96 233 242
006448.jpg,68 343 250 392
006455.jpg,41 84 199 254
006458.jpg,61 195 271 493
006459.jpg,114 51 354 332
006462.jpg,1 66 500 375
006466.jpg,23 0 358 482
006470.jpg,132 191 324 287
006472.jpg,0 47 312 500
006474.jpg,27 0 333 500
006475.jpg,7 142 436 332
006476.jpg,97 255 367 447
006482.jpg,30 29 375 406
006483.jpg,31 99 377 379
006486.jpg,159 0 352 160
006495.jpg,149 195 365 338
006499.jpg,88 0 304 320
006501.jpg,0 117 211 500
006503.jpg,200 2 375 479
006506.jpg,132 361 281 500
006515.jpg,65 25 320 470
006523.jpg,185 188 230 312
006524.jpg,1 277 95 495
006536.jpg,193 27 500 334
006547.jpg,96 22 500 273
006548.jpg,209 173 371 474
006549.jpg,19 175 68 247
006550.jpg,179 43 330 289
006551.jpg,109 106 269 199
006556.jpg,1 1 333 500
006560.jpg,30 222 375 500
006564.jpg,57 0 232 500
006569.jpg,82 182 157 385
006595.jpg,23 117 304 457
006597.jpg,16 18 305 445
006602.jpg,120 91 237 205
006605.jpg,221 245 375 360
006609.jpg,14 0 375 500
006610.jpg,0 117 117 439
006612.jpg,203 179 412 266
006622.jpg,122 241 236 456
006626.jpg,76 1 332 258
006627.jpg,129 0 333 462
006635.jpg,60 13 471 342
006636.jpg,74 25 238 355
006637.jpg,106 105 288 210
006638.jpg,109 24 325 445
006648.jpg,0 2 332 463
006652.jpg,61 171 244 328
006654.jpg,7 0 140 157
006658.jpg,120 78 372 297
006660.jpg,0 275 292 500
006674.jpg,57 40 500 250
006684.jpg,19 75 351 393
006689.jpg,228 7 374 224
006694.jpg,51 99 248 500
006695.jpg,122 195 373 327
006697.jpg,81 254 375 500
006698.jpg,0 244 375 495
006703.jpg,101 88 337 223
006704.jpg,0 33 213 341
006706.jpg,126 43 496 341
006707.jpg,52 117 354 362
006708.jpg,180 304 286 380
006714.jpg,78 2 500 373
006726.jpg,332 77 472 230
006727.jpg,123 53 287 470
006731.jpg,258 0 375 500
006734.jpg,125 163 367 479
006735.jpg,23 39 490 402
006736.jpg,169 101 241 282
006738.jpg,134 207 283 274
006740.jpg,28 55 295 442
006748.jpg,264 46 385 213
006753.jpg,0 43 500 222
006755.jpg,168 1 375 213
006766.jpg,288 99 357 499
006773.jpg,126 3 333 440
006777.jpg,124 25 500 253
006781.jpg,9 6 367 220
006782.jpg,103 0 500 222
006784.jpg,45 231 375 469
006794.jpg,116 91 203 373
006805.jpg,12 35 397 447
006806.jpg,113 92 360 351
006810.jpg,38 333 375 500
006822.jpg,7 66 496 334
006824.jpg,2 126 287 382
006825.jpg,53 149 278 447
006833.jpg,39 59 375 353
006836.jpg,75 111 425 393
006839.jpg,12 28 351 459
006840.jpg,18 57 333 368
006844.jpg,104 86 237 492
006845.jpg,256 170 331 246
006847.jpg,95 186 286 397
006848.jpg,168 78 255 316
006849.jpg,116 235 274 500
006852.jpg,155 121 253 324
006858.jpg,42 195 300 299
006864.jpg,0 335 325 500
006866.jpg,55 42 374 407
006868.jpg,184 78 372 341
006869.jpg,110 166 273 493
006874.jpg,243 241 326 372
006883.jpg,130 92 250 252
006887.jpg,160 130 358 332
006893.jpg,290 142 357 245
006896.jpg,134 0 375 121
006899.jpg,333 18 452 135
006900.jpg,119 85 337 490
006909.jpg,6 0 375 485
006910.jpg,15 60 335 436
006911.jpg,122 54 404 366
006912.jpg,73 1 375 500
006914.jpg,179 237 235 269
006916.jpg,86 4 331 351
006917.jpg,10 108 375 281
006919.jpg,138 186 369 378
006930.jpg,135 1 375 493
006931.jpg,276 23 430 312
006939.jpg,1 216 375 500
006943.jpg,77 283 313 500
006947.jpg,80 151 347 428
006948.jpg,3 181 375 500
006950.jpg,158 102 372 225
006958.jpg,1 24 500 333
006959.jpg,0 0 333 325
006968.jpg,159 224 301 500
006971.jpg,0 0 333 500
006976.jpg,237 81 498 360
006983.jpg,162 209 333 406
007002.jpg,194 290 325 500
007003.jpg,255 37 375 235
007006.jpg,190 1 374 499
007007.jpg,1 0 281 298
007011.jpg,45 0 372 235
007016.jpg,81 165 348 244
007018.jpg,19 159 337 425
007023.jpg,120 0 499 128
007025.jpg,47 78 375 440
007029.jpg,128 371 323 500
007033.jpg,3 0 375 500
007036.jpg,184 67 373 211
007039.jpg,56 120 243 323
007040.jpg,31 155 153 444
007045.jpg,158 167 409 331
007050.jpg,92 134 332 310
007062.jpg,35 0 375 436
007064.jpg,260 156 375 462
007072.jpg,24 1 372 394
007073.jpg,49 0 346 497
007075.jpg,95 130 314 274
007078.jpg,125 251 216 375
007079.jpg,49 142 184 253
007080.jpg,1 103 323 377
007088.jpg,159 184 277 457
007089.jpg,45 42 270 468
007090.jpg,202 74 365 321
007092.jpg,91 55 480 374
007093.jpg,73 75 299 323
007095.jpg,129 225 290 437
007105.jpg,152 4 333 500
007108.jpg,175 256 265 371
007113.jpg,162 95 238 127
007121.jpg,158 0 500 317
007125.jpg,12 74 329 256
007128.jpg,72 180 500 375
007129.jpg,8 186 397 422
007130.jpg,95 105 188 192
007133.jpg,110 3 372 375
007138.jpg,64 1 343 428
007150.jpg,194 78 374 499
007152.jpg,14 396 83 462
007154.jpg,28 67 500 260
007159.jpg,153 35 289 68
007163.jpg,108 57 375 223
007166.jpg,90 1 341 333
007168.jpg,101 47 424 372
007177.jpg,193 4 500 333
007180.jpg,84 88 139 138
007182.jpg,57 103 500 333
007184.jpg,312 59 500 192
007185.jpg,1 151 332 440
007193.jpg,121 68 500 375
007194.jpg,161 101 237 185
007197.jpg,56 91 334 364
007205.jpg,187 9 325 141
007213.jpg,36 24 375 236
007214.jpg,104 182 498 336
007219.jpg,338 0 500 224
007222.jpg,98 345 230 490
007223.jpg,0 4 333 370
007234.jpg,34 84 189 224
007241.jpg,70 6 365 479
007243.jpg,42 2 372 371
007250.jpg,18 121 176 327
007256.jpg,78 99 284 170
007261.jpg,90 291 500 377
007263.jpg,200 156 358 486
007271.jpg,128 50 268 352
007279.jpg,54 175 280 500
007285.jpg,42 1 500 375
007289.jpg,95 27 295 435
007295.jpg,140 118 287 397
007298.jpg,0 2 330 278
007305.jpg,133 57 233 213
007308.jpg,68 16 466 302
007322.jpg,3 110 347 360
007323.jpg,0 2 496 225
007325.jpg,154 120 332 365
007327.jpg,256 297 347 361
007334.jpg,22 92 297 448
007336.jpg,188 45 472 149
007351.jpg,102 103 234 144
007361.jpg,259 71 280 334
007365.jpg,45 11 151 82
007369.jpg,31 46 329 252
007370.jpg,0 34 500 340
007373.jpg,177 0 375 493
007375.jpg,34 22 375 500
007381.jpg,66 74 400 255
007385.jpg,25 0 333 429
007389.jpg,61 16 272 171
007394.jpg,31 104 321 409
007396.jpg,0 291 94 397
007398.jpg,0 0 265 499
007410.jpg,48 326 333 499
007411.jpg,46 58 413 466
007413.jpg,0 0 221 380
007417.jpg,66 39 208 306
007419.jpg,65 171 339 479
007421.jpg,213 148 315 217
007425.jpg,170 0 333 374
007431.jpg,324 290 368 367
007437.jpg,104 97 249 295
007446.jpg,8 52 380 203
007454.jpg,42 17 361 393
007458.jpg,156 131 375 481
007466.jpg,91 0 320 70
007467.jpg,123 1 208 284
007468.jpg,0 2 359 493
007474.jpg,44 42 372 327
007477.jpg,29 258 154 421
007479.jpg,23 4 261 500
007481.jpg,52 60 317 362
007483.jpg,34 1 376 500
007490.jpg,213 229 285 384
007491.jpg,152 232 337 500
007493.jpg,3 34 375 373
007497.jpg,177 161 270 354
007503.jpg,36 14 366 500
007513.jpg,10 0 333 461
007519.jpg,160 98 185 192
007521.jpg,78 19 202 109
007524.jpg,46 51 472 333
007526.jpg,159 85 412 300
007530.jpg,312 0 500 136
007535.jpg,58 25 489 234
007536.jpg,120 244 312 500
007538.jpg,131 133 337 274
007540.jpg,88 42 372 377
007544.jpg,200 1 311 225
007558.jpg,36 309 334 475
007565.jpg,123 58 355 362
007566.jpg,29 1 334 496
007570.jpg,58 282 289 389
007572.jpg,45 264 333 491
007575.jpg,0 14 235 473
007578.jpg,0 0 329 116
007586.jpg,144 0 248 241
007590.jpg,13 0 500 375
007594.jpg,190 110 375 482
007600.jpg,52 223 305 443
007601.jpg,67 18 299 482
007606.jpg,40 118 375 415
007611.jpg,109 0 375 320
007619.jpg,142 383 291 440
007621.jpg,101 300 202 411
007629.jpg,53 307 374 418
007631.jpg,63 95 340 327
007633.jpg,116 0 269 236
007637.jpg,144 92 305 345
007653.jpg,164 16 282 472
007654.jpg,77 258 247 400
007655.jpg,17 3 354 500
007663.jpg,93 48 296 461
007667.jpg,332 457 353 494
007683.jpg,43 231 375 344
007685.jpg,77 111 171 242
007692.jpg,101 228 230 386
007696.jpg,115 0 223 349
007697.jpg,205 69 436 242
007699.jpg,49 1 375 500
007704.jpg,169 77 345 305
007713.jpg,46 122 322 373
007718.jpg,123 94 257 496
007721.jpg,102 213 299 429
007729.jpg,26 90 308 444
007731.jpg,188 25 474 340
007735.jpg,265 3 333 366
007736.jpg,148 56 206 134
007740.jpg,143 238 353 318
007748.jpg,163 75 373 332
007749.jpg,22 127 375 500
007751.jpg,117 308 369 479
007753.jpg,0 1 374 500
007762.jpg,89 216 252 362
007767.jpg,88 82 289 500
007775.jpg,88 44 284 248
007777.jpg,195 1 374 370
007781.jpg,41 0 375 419
007790.jpg,128 22 362 125
007791.jpg,60 29 326 440
007795.jpg,107 6 374 153
007803.jpg,180 163 280 298
007809.jpg,24 86 373 500
007810.jpg,0 79 127 337
007814.jpg,129 251 375 357
007819.jpg,61 11 128 500
007820.jpg,18 4 257 500
007821.jpg,57 22 312 313
007831.jpg,226 48 412 180
007836.jpg,185 1 338 227
007838.jpg,102 229 264 318
007840.jpg,32 10 486 268
007847.jpg,109 169 294 465
007853.jpg,176 85 452 350
007854.jpg,322 17 485 293
007859.jpg,3 0 337 469
007863.jpg,139 200 296 440
007864.jpg,63 21 148 148
007872.jpg,142 2 333 500
007876.jpg,180 225 308 316
007877.jpg,3 2 373 282
007878.jpg,66 65 373 294
007883.jpg,192 441 210 477
007884.jpg,11 27 406 479
007885.jpg,28 15 485 344
007898.jpg,0 0 366 400
007900.jpg,115 186 286 325
007901.jpg,14 47 500 297
007905.jpg,86 14 330 496
007908.jpg,1 190 333 500
007910.jpg,17 315 375 465
007911.jpg,37 20 488 461
007914.jpg,113 61 414 352
007915.jpg,38 116 281 366
007923.jpg,146 134 235 353
007925.jpg,29 57 319 440
007926.jpg,275 0 337 346
007932.jpg,176 78 268 266
007939.jpg,255 100 473 333
007940.jpg,15 89 375 383
007953.jpg,214 263 298 319
007959.jpg,267 45 500 274
007963.jpg,199 0 334 470
007964.jpg,117 51 245 407
007968.jpg,0 131 287 341
007974.jpg,1 0 375 313
007976.jpg,128 203 151 228
007980.jpg,42 186 220 298
007991.jpg,98 2 375 500
007996.jpg,60 396 270 500
008001.jpg,95 51 282 458
008004.jpg,191 194 310 325
008005.jpg,63 0 375 302
008008.jpg,34 193 226 334
008012.jpg,8 4 388 442
008017.jpg,81 15 311 381
008019.jpg,121 14 318 365
008026.jpg,49 133 292 500
008037.jpg,49 146 234 461
008040.jpg,171 317 338 475
008042.jpg,137 74 364 500
008043.jpg,8 13 288 284
008044.jpg,203 239 247 392
008049.jpg,14 158 255 392
008051.jpg,109 130 375 358
008053.jpg,7 85 439 224
008062.jpg,68 1 375 383
008063.jpg,104 52 301 157
008064.jpg,198 113 333 297
008067.jpg,162 131 330 349
008072.jpg,96 2 325 148
008075.jpg,63 0 375 298
008076.jpg,257 304 373 500
008079.jpg,126 194 308 274
008082.jpg,2 325 333 500
008083.jpg,65 151 300 362
008084.jpg,211 110 365 233
008093.jpg,283 0 375 84
008095.jpg,85 4 202 390
008096.jpg,162 129 241 249
008098.jpg,112 97 213 230
008106.jpg,188 167 355 266
008108.jpg,222 239 324 356
008116.jpg,169 195 356 364
008117.jpg,212 217 375 397
008121.jpg,17 76 255 243
008127.jpg,223 192 334 500
008130.jpg,28 299 215 399
008137.jpg,42 294 176 355
008139.jpg,10 164 411 500
008142.jpg,118 148 286 325
008150.jpg,177 330 197 358
008163.jpg,181 39 265 381
008164.jpg,95 5 375 233
008166.jpg,177 150 236 349
008169.jpg,162 275 343 436
008174.jpg,0 40 320 500
008186.jpg,3 1 442 484
008188.jpg,53 43 284 463
008197.jpg,186 450 227 497
008199.jpg,84 363 375 499
008202.jpg,110 190 372 458
008203.jpg,187 37 360 304
008204.jpg,144 142 336 266
008211.jpg,181 77 500 282
008213.jpg,125 291 167 331
008216.jpg,406 226 500 374
008218.jpg,89 193 375 495
008223.jpg,11 128 374 500
008226.jpg,0 81 165 214
008232.jpg,158 166 245 418
008235.jpg,126 47 284 337
008248.jpg,56 326 375 477
008250.jpg,187 118 308 261
008252.jpg,129 62 253 487
008253.jpg,131 88 325 427
008254.jpg,50 0 314 418
008260.jpg,70 93 255 457
008261.jpg,2 55 265 238
008262.jpg,76 28 322 471
008263.jpg,92 14 337 366
008269.jpg,29 20 335 500
008272.jpg,2 0 375 261
008280.jpg,89 1 281 500
008282.jpg,208 252 375 500
008296.jpg,102 51 324 500
008301.jpg,190 152 500 375
008302.jpg,0 0 375 248
008310.jpg,1 1 327 500
008311.jpg,46 18 313 384
008312.jpg,142 35 440 266
008313.jpg,235 0 374 165
008315.jpg,159 164 312 456
008316.jpg,0 147 332 500
008317.jpg,43 73 375 392
008322.jpg,45 234 310 500
008332.jpg,55 1 375 359
008336.jpg,247 296 330 380
008338.jpg,4 25 140 486
008341.jpg,118 0 333 266
008342.jpg,206 10 400 242
008346.jpg,98 27 487 210
008351.jpg,162 135 270 377
008360.jpg,20 1 280 401
008372.jpg,92 199 182 359
008374.jpg,180 184 375 271
008381.jpg,45 61 500 463
008384.jpg,85 202 278 295
008385.jpg,195 103 454 305
008388.jpg,0 0 337 450
008391.jpg,45 4 307 497
008397.jpg,289 57 375 294
008398.jpg,91 290 375 471
008403.jpg,16 228 385 499
008409.jpg,187 55 337 184
008422.jpg,176 273 330 407
008425.jpg,257 321 341 496
008426.jpg,80 159 329 380
008427.jpg,0 17 333 416
008437.jpg,121 70 362 239
008442.jpg,69 230 221 387
008443.jpg,97 205 310 393
008445.jpg,3 0 333 490
008449.jpg,12 0 266 467
008452.jpg,161 117 310 310
008453.jpg,0 224 362 500
008456.jpg,5 294 240 479
008462.jpg,247 332 375 458
008465.jpg,26 18 498 499
008466.jpg,120 211 230 442
008467.jpg,11 178 486 375
008468.jpg,121 50 197 172
008470.jpg,174 150 375 500
008475.jpg,194 138 351 383
008477.jpg,62 258 358 500
008478.jpg,137 93 306 422
008482.jpg,151 167 240 404
008483.jpg,136 201 186 348
008495.jpg,100 215 261 426
008506.jpg,48 88 291 457
008517.jpg,1 0 333 345
008523.jpg,0 0 322 323
008529.jpg,195 108 439 277
008530.jpg,31 0 333 327
008533.jpg,27 3 424 481
008536.jpg,305 154 378 195
008549.jpg,28 98 309 440
008550.jpg,106 54 324 377
008558.jpg,107 283 328 475
008559.jpg,65 102 500 333
008568.jpg,88 227 284 500
008581.jpg,166 0 495 234
008585.jpg,0 0 334 499
008587.jpg,83 162 375 500
008588.jpg,236 288 282 312
008595.jpg,1 164 333 500
008596.jpg,71 119 290 266
008602.jpg,77 275 375 500
008610.jpg,72 185 291 337
008615.jpg,169 49 209 118
008617.jpg,51 44 375 320
008618.jpg,0 0 330 164
008628.jpg,0 0 406 250
008633.jpg,4 1 244 196
008645.jpg,152 209 308 300
008655.jpg,176 100 307 253
008663.jpg,105 0 328 496
008665.jpg,14 56 325 452
008670.jpg,114 55 263 254
008676.jpg,142 251 327 343
008688.jpg,0 1 325 500
008690.jpg,13 146 267 337
008691.jpg,139 0 213 454
008699.jpg,134 147 365 394
008702.jpg,95 30 346 489
008706.jpg,161 223 258 284
008710.jpg,49 137 249 323
008720.jpg,234 92 386 250
008723.jpg,65 4 252 468
008725.jpg,115 14 241 266
008727.jpg,248 2 500 375
008731.jpg,92 149 278 255
008732.jpg,196 100 395 223
008738.jpg,136 0 332 357
008741.jpg,3 3 499 374
008744.jpg,179 130 383 270
008748.jpg,326 117 453 204
008750.jpg,80 23 304 479
008755.jpg,2 210 331 408
008756.jpg,120 209 174 289
008757.jpg,81 48 290 421
008760.jpg,212 0 375 263
008764.jpg,37 99 325 340
008768.jpg,123 0 315 247
008770.jpg,105 184 190 337
008771.jpg,103 61 203 433
008776.jpg,37 159 314 296
008783.jpg,237 149 373 479
008784.jpg,130 323 170 382
008790.jpg,168 0 230 213
008794.jpg,95 80 312 500
008806.jpg,172 417 245 442
008809.jpg,39 37 221 443
008811.jpg,55 2 375 500
008813.jpg,28 317 368 479
008814.jpg,199 126 320 362
008815.jpg,29 1 364 230
008819.jpg,78 130 450 294
008838.jpg,44 121 278 334
008840.jpg,1 138 258 425
008841.jpg,242 177 375 249
008847.jpg,44 114 270 292
008856.jpg,2 49 375 500
008862.jpg,89 111 320 231
008865.jpg,186 154 334 500
008872.jpg,125 129 270 244
008878.jpg,137 172 196 383
008879.jpg,66 126 375 375
008883.jpg,219 154 285 318
008885.jpg,41 0 496 350
008886.jpg,0 10 201 229
008891.jpg,101 149 236 462
008900.jpg,52 0 208 500
008905.jpg,81 1 298 500
008909.jpg,60 21 308 486
008920.jpg,66 60 284 230
008923.jpg,30 14 176 366
008926.jpg,97 230 313 370
008929.jpg,56 0 240 441
008930.jpg,58 1 500 375
008932.jpg,91 138 375 230
008933.jpg,229 79 401 248
008936.jpg,213 91 341 210
008939.jpg,232 408 312 500
008944.jpg,0 0 500 443
008948.jpg,158 2 323 182
008958.jpg,34 49 359 500
008960.jpg,182 439 270 486
008961.jpg,77 0 407 269
008962.jpg,38 85 215 135
008966.jpg,26 127 303 500
008967.jpg,14 228 331 379
008968.jpg,49 85 332 443
008969.jpg,109 42 375 468
008970.jpg,80 251 242 371
008971.jpg,47 82 244 462
008973.jpg,42 270 279 444
008975.jpg,173 159 359 350
008978.jpg,145 211 358 491
008979.jpg,40 35 351 443
008980.jpg,57 52 428 372
008985.jpg,8 2 496 314
008987.jpg,155 92 312 288
008988.jpg,94 1 329 375
008989.jpg,181 198 250 236
008995.jpg,380 30 439 121
008999.jpg,42 247 175 284
009000.jpg,161 366 238 475
009004.jpg,59 39 317 454
009005.jpg,62 241 353 381
009016.jpg,2 183 452 334
009018.jpg,92 4 313 351
009020.jpg,101 162 274 402
009027.jpg,75 180 183 238
009029.jpg,45 48 147 280
009032.jpg,68 26 262 207
009036.jpg,131 302 387 475
009042.jpg,91 115 194 406
009045.jpg,81 0 375 500
009049.jpg,78 50 327 359
009058.jpg,0 0 287 484
009059.jpg,84 96 187 314
009063.jpg,123 259 176 392
009066.jpg,94 97 351 467
009068.jpg,204 0 344 283
009073.jpg,62 377 375 500
009078.jpg,247 113 338 391
009080.jpg,77 78 188 174
009086.jpg,33 30 281 500
009098.jpg,2 5 500 418
009099.jpg,127 145 334 286
009100.jpg,191 252 306 399
009106.jpg,104 0 340 356
009108.jpg,0 264 352 417
009114.jpg,25 65 191 242
009117.jpg,26 187 373 500
009121.jpg,133 159 231 304
009123.jpg,171 22 375 352
009136.jpg,68 113 375 358
009144.jpg,46 48 345 474
009148.jpg,53 89 256 206
009153.jpg,106 2 500 375
009160.jpg,141 176 317 393
009161.jpg,178 18 317 423
009166.jpg,17 195 280 294
009173.jpg,0 166 128 375
009175.jpg,176 247 340 435
009181.jpg,31 37 450 306
009184.jpg,2 0 334 446
009185.jpg,63 139 322 433
009191.jpg,22 28 325 487
009196.jpg,1 0 287 500
009197.jpg,92 103 357 467
009200.jpg,238 239 374 335
009205.jpg,46 0 251 491
009208.jpg,42 0 305 249
009209.jpg,104 138 213 274
009214.jpg,222 145 375 468
009215.jpg,149 77 373 402
009218.jpg,59 2 500 374
009227.jpg,82 71 224 163
009230.jpg,99 0 375 361
009238.jpg,6 61 333 500
009242.jpg,96 75 261 485
009245.jpg,95 16 330 288
009251.jpg,22 179 306 309
009252.jpg,199 39 369 500
009255.jpg,4 11 197 248
009259.jpg,120 166 232 339
009269.jpg,166 99 327 404
009270.jpg,2 4 333 404
009271.jpg,103 200 287 387
009272.jpg,68 13 219 487
009283.jpg,244 0 370 107
009285.jpg,60 2 344 433
009287.jpg,64 254 270 500
009288.jpg,63 71 251 127
009289.jpg,14 81 333 427
009290.jpg,56 50 266 291
009295.jpg,103 42 375 307
009296.jpg,154 124 375 206
009299.jpg,223 87 333 500
009306.jpg,73 48 444 372
009307.jpg,12 6 367 400
009308.jpg,0 0 286 500
009316.jpg,86 287 375 500
009318.jpg,57 31 334 438
009324.jpg,49 0 331 302
009325.jpg,0 117 149 262
009327.jpg,78 116 403 258
009333.jpg,85 99 238 312
009336.jpg,77 60 328 396
009339.jpg,21 105 319 460
009342.jpg,3 74 287 171
009343.jpg,8 166 327 419
009358.jpg,235 281 297 362
009359.jpg,169 45 281 283
009362.jpg,32 31 332 178
009365.jpg,141 230 201 298
009377.jpg,18 56 336 417
009386.jpg,1 2 374 409
009388.jpg,264 233 375 417
009389.jpg,116 118 364 500
009392.jpg,193 409 331 500
009393.jpg,1 294 372 457
009394.jpg,1 2 254 500
009398.jpg,3 0 333 422
009406.jpg,19 18 266 489
009407.jpg,122 24 480 322
009409.jpg,131 0 263 91
009410.jpg,2 9 375 457
009411.jpg,111 61 335 463
009413.jpg,8 251 361 500
009417.jpg,93 237 220 330
009418.jpg,61 206 333 500
009419.jpg,67 51 195 134
009420.jpg,233 0 375 404
009421.jpg,138 116 359 253
009422.jpg,1 1 325 481
009424.jpg,102 49 329 422
009429.jpg,196 204 240 316
009432.jpg,89 4 260 497
009434.jpg,81 15 301 482
009446.jpg,46 14 298 252
009458.jpg,12 112 110 202
009460.jpg,48 2 373 377
009463.jpg,173 0 330 139
009465.jpg,36 14 335 390
009466.jpg,219 156 436 398
009469.jpg,111 35 322 482
009476.jpg,113 46 278 479
009488.jpg,88 123 404 334
009490.jpg,86 0 483 210
009491.jpg,137 100 279 348
009496.jpg,64 11 319 479
009497.jpg,105 96 374 299
009499.jpg,0 2 500 306
009504.jpg,50 136 442 395
009508.jpg,317 174 385 228
009512.jpg,142 1 500 191
009515.jpg,194 65 231 135
009516.jpg,61 16 500 375
009518.jpg,42 124 356 412
009520.jpg,74 269 359 496
009523.jpg,149 124 252 231
009524.jpg,83 315 193 376
009526.jpg,313 174 500 375
009528.jpg,66 85 322 489
009537.jpg,9 7 221 500
009541.jpg,268 100 423 241
009542.jpg,16 7 332 251
009545.jpg,28 174 333 500
009549.jpg,61 2 375 378
009551.jpg,125 213 359 426
009557.jpg,215 115 365 181
009562.jpg,37 15 472 355
009566.jpg,149 145 232 304
009573.jpg,46 154 291 432
009576.jpg,128 190 217 351
009577.jpg,159 83 375 495
009579.jpg,1 19 500 375
009584.jpg,173 322 358 487
009585.jpg,9 0 375 255
009587.jpg,0 2 337 500
009596.jpg,113 163 219 291
009600.jpg,75 141 294 335
009605.jpg,17 88 369 458
009609.jpg,89 212 175 400
009613.jpg,252 10 383 116
009614.jpg,112 240 255 429
009615.jpg,88 16 235 490
009618.jpg,229 182 311 305
009621.jpg,0 0 476 412
009623.jpg,51 148 232 454
009629.jpg,164 224 189 363
009634.jpg,125 267 372 359
009637.jpg,99 281 167 500
009638.jpg,2 95 375 500
009644.jpg,77 35 303 481
009650.jpg,35 20 418 346
009654.jpg,82 0 500 296
009656.jpg,155 180 345 324
009659.jpg,10 80 370 371
009664.jpg,0 110 500 320
009666.jpg,0 0 500 306
009668.jpg,18 0 375 321
009671.jpg,205 252 284 444
009679.jpg,7 84 101 156
009684.jpg,63 56 375 380
009691.jpg,186 0 333 497
009693.jpg,14 98 357 309
009702.jpg,60 197 105 278
009703.jpg,168 5 309 120
009707.jpg,129 78 249 274
009709.jpg,1 131 495 271
009713.jpg,56 113 344 406
009717.jpg,205 262 333 425
009718.jpg,193 1 252 297
009721.jpg,149 24 474 245
009729.jpg,60 103 259 373
009733.jpg,3 74 319 479
009734.jpg,96 119 263 353
009735.jpg,364 53 429 100
009749.jpg,288 208 446 295
009755.jpg,127 133 332 500
009756.jpg,81 117 316 420
009762.jpg,151 36 206 153
009763.jpg,31 41 318 334
009774.jpg,3 26 390 478
009776.jpg,122 38 357 404
009789.jpg,51 231 351 500
009790.jpg,39 10 213 479
009792.jpg,198 150 343 374
009797.jpg,109 221 312 396
009800.jpg,160 401 460 500
009805.jpg,132 96 276 392
009807.jpg,60 190 332 474
009808.jpg,42 17 482 291
009810.jpg,60 22 259 468
009813.jpg,131 184 284 500
009825.jpg,279 89 359 144
009828.jpg,4 78 500 286
009830.jpg,17 42 315 401
009832.jpg,10 276 350 500
009834.jpg,74 87 280 449
009839.jpg,158 159 279 369
009842.jpg,0 179 332 401
009845.jpg,88 156 280 376
009848.jpg,200 54 360 306
009851.jpg,135 90 267 249
009852.jpg,120 152 375 482
009855.jpg,31 106 280 500
009859.jpg,39 109 333 344
009860.jpg,24 64 355 490
009867.jpg,27 0 375 309
009868.jpg,138 72 415 234
009869.jpg,5 2 375 353
009872.jpg,307 113 374 275
009874.jpg,157 115 480 238
009877.jpg,101 2 500 289
009878.jpg,118 73 349 374
009879.jpg,163 397 227 498
009882.jpg,154 13 372 283
009884.jpg,77 84 375 400
009887.jpg,260 221 316 265
009896.jpg,133 138 323 372
009904.jpg,342 71 389 160
009911.jpg,136 74 265 417
009918.jpg,0 0 330 268
009920.jpg,212 8 419 321
009926.jpg,5 297 359 490
009938.jpg,54 136 340 320
009940.jpg,132 134 375 365
009942.jpg,8 1 332 365
009944.jpg,119 86 291 329
009945.jpg,198 91 229 132
009949.jpg,89 24 312 427
009959.jpg,141 191 187 330
009961.jpg,3 68 345 392
